x	y	velocity[m]
5.479886208634939	-1.6266521321661962	1.3178674457178658	-0.04798166274324532
5.424840413271781	-1.7448553503211723	1.3178674457178658	-0.03620991208859134
5.381316076221266	-1.8677707514876207	1.5170351436144098	-0.027436988002012067
5.346799081629921	-1.993513257590017	1.7427743536052909	-0.020865895598310372
5.319258366169052	-2.1209649741229217	1.9984388410982392	-0.01586599548754292
5.297036395428858	-2.2494499650654465	2.2917947159225207	-0.011331499529877139
5.278725842819979	-2.378550324640498	2.690062336999917	-0.009147437278198263
5.26350553032124	-2.508050947390995	3.01828090939377	-0.007348820094439909
5.250744593390774	-2.6378169817042014	3.1274203571430683	-0.004994176455636848
5.239664907705157	-2.767737402663549	2.9968932165153954	-0.0023485982897368403
5.229381008592691	-2.897723248742878	2.8601243307500486	0.0003234138346261055
5.218987085361658	-3.02770035815392	2.7161032759900223	0.003003420065470802
5.20763085253853	-3.157596886319981	2.5635092890706868	0.0046274519920518
5.194540647060791	-3.287330237742921	2.4005571236684644	0.00944410053419714
5.178162000343438	-3.416690266701467	2.2247259102205463	0.016426535609777693
5.156232959365161	-3.5452267894484013	2.032239578865696	0.02417099716493898
5.126178454993251	-3.672110409333607	1.8169432943342676	0.03392187273680155
5.0849447982221925	-3.7958150248677516	1.5673625537881382	0.04662832376316447
5.028957071235364	-3.9135683279999576	1.3368555251593266	0.06173547543697225
4.954767576548358	-4.020792841071651	1.1618283737079007	0.07893599020542547
4.860815983905502	-4.111167274350137	1.0274763785321477	0.07633939303250457
4.751008663965237	-4.181468928848493	1.0448044788966087	0.06237826856793281
4.631144860074947	-4.232814133959089	1.155826690505016	0.05291763701500241
4.50532236362033	-4.2670575992877104	1.2549001045946246	0.046754450247926384
4.376248214173547	-4.285622135743108	1.3350511326917331	0.0438206049770979
4.245898899873536	-4.289269812571238	1.3790188176461646	0.04341060807216514
4.115976974457951	-4.278066507715448	1.3855156712623917	0.046719146056246295
3.988381444509823	-4.251174187237277	1.3355554655425939	0.04979538700335817
3.865312359610652	-4.208118280713389	1.2936441263199088	0.0454970955157145
3.7481868855352793	-4.15080977200553	1.3533731017551012	0.03690216131076947
3.637110793561071	-4.082517593343191	1.5027387158032723	0.027456250855155847
3.531208758571484	-4.006444967882652	1.7421628954557253	0.017993587606643408
3.4289998640135018	-3.925478527717586	2.1520407745931003	0.009087731280066505
3.328734644093945	-3.842117576148282	2.5761721421061106	8.107063571899147e-05
3.2285125494525566	-3.7587037097798577	2.9304754790457683	-0.007332578040400724
3.1267904995751064	-3.677129629630395	3.177612417915987	-0.008962095028179335
3.023189575329029	-3.5979520052946654	3.0493312513175614	-0.008636812312701275
2.917833866909861	-3.5211263527575953	3.10622303479004	-0.008488588665964447
2.8108030639155164	-3.446651555351292	3.133225354797108	-0.008256423940674615
2.702194292329642	-3.3744976133668736	3.1769719818350475	-0.007995981161978314
2.5921040529399964	-3.3046248067271975	3.22829709889725	-0.007755200317547299
2.480626478087867	-3.2369873308309174	3.278029570144523	-0.007296609737267423
2.3678977879338223	-3.1714566688267194	3.379471729505479	-0.005631047989620303
2.254217979330422	-3.1075896094567934	3.6495561608686358	-0.003628593914159772
2.1399391750750016	-3.044800821790437	3.899653616802101	-0.0016600889924641084
2.025389449525969	-2.9825076079424555	4.024436865479853	0.0003064727564565224
1.9108894064292397	-2.9201231089935487	3.9247682754457096	0.0022599868573512797
1.7967598360490609	-2.8570635370037962	3.822431278772609	0.004261146096260131
1.6833353179460513	-2.79274392965411	3.717197167575746	0.006117415460554812
1.570897283070133	-2.7267162327377505	3.6088020036252075	0.0045915626783503026
1.4592578917010073	-2.659345887178011	3.4969399779483337	0.002123757536476067
1.3479928229805749	-2.591359412710144	3.38125007272864	-0.0003424390763317669
1.2366674270746012	-2.5234717324224416	3.261305457101448	-0.002799765114067357
1.124848978099493	-2.456399149164616	3.1365917172854023	-0.005268355959591737
1.0121218681250355	-2.390865816134843	3.006480698045887	-0.007630693018052263
0.8981069452418149	-2.327597652560522	2.870191765522276	-0.010264483434175362
0.7825773133285931	-2.2671437225694753	2.726731285179516	-0.005098293461458601
0.6662602912906221	-2.2082153633801607	2.574808306694126	0.0022375406737537656
0.5502887082376446	-2.1486109978419616	2.412673893315658	0.009605017870657035
0.43584942701435025	-2.086115089723984	2.237875922451342	0.01713312666754742
0.32431753214722203	-2.01856713838667	2.0467558315772294	0.024791745604004253
0.21737461252930323	-1.9439678671845169	1.8333940752705702	0.032079441741565295
0.11702163696490953	-1.8607106866562333	1.6117436803414158	0.03869509904923551
0.02538778483409576	-1.7679480416085607	1.4675111026277063	0.038907525498089866
-0.05636443257637502	-1.6663627290123344	1.4634994771253365	0.038476007074020234
-0.12748006068628737	-1.5570663617291842	1.4716833586053675	0.03962247524988959
-0.1869049955637747	-1.4409982274569835	1.4502356457791112	0.04220139164572509
-0.23318183451366536	-1.3190891596012264	1.4052253981585943	0.0462271768074105
-0.26443192362394985	-1.1924962203733465	1.3426434314116378	0.05124550559042564
-0.2784853429180849	-1.0628557087005674	1.2752093426021618	0.05777607303882577
-0.2730930282201811	-0.9325844116918951	1.2009788711680367	0.0577447722012921
-0.24826238223033137	-0.8045781396015332	1.2013043253199127	0.052357146468088686
-0.20618363087726888	-0.6811574322366418	1.261599163951693	0.047234481576166734
-0.14922119849353344	-0.5638615508629758	1.3282499261178737	0.04347636403260365
-0.07931693082104552	-0.4537846831120227	1.384467511070933	0.04115569948833643
0.0020023598355827232	-0.35185236513617824	1.4229655412357989	0.04021226424457361
0.09357889237989081	-0.25902168265117	1.439561134880845	0.0412879260874341
0.19459279029245025	-0.17657046876418647	1.420685155700512	0.04176415289281985
0.3039437740224864	-0.10555195014812924	1.41256206366147	0.03820814680691479
0.4198132109794326	-0.04574740753144013	1.4768330065462467	0.03234113807097548
0.5403083468342729	0.0040805103622503225	1.6052095237019564	0.026224918470991194
0.6639293884223703	0.045553613519018654	1.7825934385426268	0.020106243212580116
0.7895560349229749	0.0804839593174318	2.035841256611871	0.014333128992361483
0.9164001372571882	0.11069456054094928	2.4112312985882114	0.008629950991563494
1.0438959903392568	0.13802596875218143	2.789770216822707	0.0039165676304074686
1.171670531603798	0.16402132310790485	3.1169467503667683	0.0014392676521544215
1.2995432171282815	0.18952920146608498	3.409779628524727	-0.0002254989008843484
1.4274005646805232	0.2151140637804101	3.519690650120472	-0.002079457550495364
1.5551173006277157	0.24139177831426295	3.404801075359455	-0.003907811712879031
1.682559642364735	0.26896943967339837	3.2857487255995035	-0.005731820519227233
1.8095756538450463	0.29844839399496514	3.162038647372058	-0.007519514489102192
1.9359896969176429	0.3304102169354053	3.0330682470743318	-0.00919333975603661
2.061601765690428	0.3653912653383813	2.8980911467087203	-0.010722266615202553
2.1861864272275646	0.4038717187818044	2.756163458926965	-0.012270142105734258
2.309475621387291	0.44631989944173434	2.606061022254894	-0.013910178141772495
2.431143444870102	0.4932136270602854	2.4476145771987228	-0.015652399574281946
2.5507957390075635	0.5450341940607153	2.307378884512938	-0.017444676209708156
2.667965198659738	0.6022476123262148	2.1856364283269216	-0.019453238188208367
2.7820895059335395	0.6653171146188015	2.0697287138567164	-0.020894934450555243
2.892646701348813	0.7344446146511885	1.9970496874952413	-0.01883825701989831
2.9996795121623503	0.8089176348029348	2.1032408974644583	-0.015417875874255811
3.1036312690219443	0.887632517477293	2.3248616013033305	-0.012117879170731113
3.2050430154382763	0.9695944759340911	2.622382681417105	-0.00886024618894939
3.3045331364535233	1.0538785205018453	2.9704420421366917	-0.005674706611683869
3.402764883420346	1.1396259155148734	3.277717617233786	-0.0025147015846433882
3.5004320758338032	1.2260158151408351	3.3144329729910087	0.0006350255994962425
3.598235114887556	1.3122518246303532	3.1918793924807654	0.003387588547739132
3.6967961120993067	1.3976205129018382	3.0642201182491315	0.005995298231432259
3.7966790951888196	1.4814385325612367	2.930746940027726	0.008581964796562157
3.8984114148234976	1.5630019891535483	2.790569093447241	0.011083980650080807
4.002455896784877	1.641594583499403	2.6425387697851885	0.013421752681985824
4.109183824760169	1.716502745454699	2.485132374416808	0.01553274787710534
4.218851813243933	1.7870364114547979	2.3162489235475987	0.01724237657018924
4.331589183060043	1.8525539087506449	2.198420747792916	0.019419583581026623
4.44750720167084	1.9122645672196938	2.0715213824231435	0.02237171880763936
4.566717306924003	1.9650984144561185	1.930010629911271	0.026132363284126013
4.689255330526816	2.009672507444879	1.7857474288065016	0.030836337216299785
4.8149847054420825	2.0442360474511023	1.6439097975015744	0.03665054933972862
4.943437409110464	2.0666235335599	1.5078881655864933	0.043291885326531616
5.073602532221917	2.074364490420999	1.3874141749051345	0.05106927359606009
5.203640292719726	2.0650064121500726	1.2774077206524566	0.04925456283462319
5.331436216364427	2.039130857592653	1.300726962037129	0.0407707274809155
5.455755943370821	1.9998064352296385	1.4296678356012549	0.03219553799037702
5.576329773505552	1.950166562607297	1.6088351036110884	0.024564611395485443
5.693466336036778	1.8928839800022494	1.8418507188304356	0.017904150247515776
5.807790528960869	1.83017633334741	2.1574091688623707	0.012159219541281754
5.92007166620958	1.7638812761523752	2.580485738769599	0.006391111255354778
6.031189794265293	1.6956538631350462	2.9341960428311964	0.0035751743743781673
6.141646210164826	1.62636137029952	3.2452686051933206	0.003321976940426325
6.25150079521104	1.5561186299105891	3.526522330527461	0.0033185107923901285
6.360743098899526	1.4849273387514277	3.7853450123113666	0.003215724012209989
6.469385088684733	1.4128232979471047	4.026470772308069	0.003097258843874648
6.577441457793158	1.3398445509788086	4.253156641383326	0.0029427089011902193
6.684934890156544	1.266039142388859	4.467760558138647	0.002765143988413757
6.791894011336394	1.1914615115957936	4.672056213626201	0.0025425570801818525
6.898356527924294	1.116176651291859	4.867418606021426	0.002295109448813195
7.004366333515851	1.0402556434031762	5.054939791338343	0.002055181866712783
7.109967642099239	0.9637674610250393	5.134789143556378	0.001821967148980786
7.215204142026174	0.8867781239911725	5.057442529651043	0.0015991111300298361
7.320118936404766	0.8093509694462959	4.978875377235263	0.0013655511860808647
7.424755943965151	0.7315488063544251	4.8990276852173515	0.0011944724338847962
7.529156322940672	0.6534294185838565	4.817834343093094	0.0007510629547609242
7.633411189516282	0.5751159343938745	4.735224522461145	-0.00011051479286583444
7.737687240997078	0.4968306562762841	4.651120911974519	-0.0009893818566751613
7.842165324482226	0.41881521594317483	4.56543888242421	-0.0018708821517634405
7.947023009688392	0.34131073014268054	4.478085467077604	-0.002765371998468816
8.052435833357091	0.26456301672845584	4.388958149518716	-0.003616519073479437
8.158571931997745	0.1888186445332316	4.297943454121323	-0.0046347211047174305
8.265598035081725	0.1143371625504308	4.20491515897778	-0.004933915251288548
8.373537287320236	0.041185425044918844	4.1097323052859815	-0.003576691661836721
8.4821604670872	-0.03094702280168704	4.331825506302412	-0.0022440733234905716
8.591202285861085	-0.10244498810405744	4.542532126115768	-0.0008831290832752437
8.70040889090934	-0.17369102341721998	4.725631449529144	0.00047036833871848114
8.809528375247872	-0.2450704123168812	4.641350796859186	0.0018074632447654525
8.918308453567395	-0.3169659809016192	4.555481484701773	0.0032109471740794796
9.026489956213418	-0.38975913787379035	4.467929509772257	0.004346602856753597
9.133869038068703	-0.46373077184409794	4.378591165053782	0.0043673460556164
9.24039473071046	-0.5389262187771866	4.368180484282888	0.00443624886718888
9.346044415013697	-0.6153475481338813	4.334124936589771	0.004480072526756109
9.450793666427247	-0.692998501032509	4.312874835448268	0.004534503958229869
9.554617498132028	-0.7718825153792768	4.286911168156509	0.004585705810241455
9.657490093197726	-0.8520030783409016	4.262911161674628	0.004651670635905054
9.759384703425006	-0.933363784260802	4.232577302091708	0.004673540653025639
9.86029805868046	-1.0159384145188266	4.222662433338912	0.004171359104964106
9.960306162418437	-1.0996071400089509	4.43881611498839	0.003686218615378718
10.059505802658165	-1.1842328355624474	4.5061524349324085	0.0031890350089987737
10.157998177223991	-1.2696806543786021	4.41760304882263	0.0026933265581669877
10.25588806568183	-1.3558180324758364	4.327203782977975	0.002195029092842874
10.353282966266551	-1.44251469709398	4.234832707464012	0.0017046514716579535
10.450292420954248	-1.5296424500261434	4.140353812364447	0.0012353531175521642
10.546973648066764	-1.617134269384339	4.043614605796998	0.002093398184458105
10.643174570100925	-1.705153933773465	3.944443180716003	0.002986422516447704
10.738686916343969	-1.793920310358386	3.8426445220282988	0.0038848418499293027
10.833294398569418	-1.8836504685601199	3.737995919648131	0.004804084038177716
10.926769352694492	-1.9745598034538983	3.630241082063187	0.005751426782615468
11.01886985073762	-2.066861326611031	3.5190825629335847	0.006718801796517886
11.109335932426589	-2.1607652513319806	3.40417179613568	0.007721873048769645
11.197911270726308	-2.2564546976637576	3.2850958705348345	0.008172107410716962
11.284432599889115	-2.3540052642566085	3.193319285805962	0.008458337901610484
11.368783251585207	-2.4534387741159644	3.1388232552453603	0.008672221652879087
11.450866233693148	-2.5547523399797516	3.0440676845835486	0.008787277218692845
11.530609999224449	-2.657917334093165	2.9096257263204297	0.008795910935439338
11.607964524479087	-2.7628855200764715	2.7683212743134353	0.008752525624338276
11.682922292382457	-2.8695791048237247	2.618958202054838	0.008713909830190214
11.755319072317214	-2.9780265098120804	2.459939096328749	0.012319842853523643
11.824137546859266	-3.0887795191433813	2.2890485831264282	0.017505913250699633
11.887813300234434	-3.2025675474224666	2.1030430802072635	0.023161646099992536
11.944450962345243	-3.3200175485464305	1.896813649751701	0.030041927494519036
11.991650296885418	-3.441566877211045	1.6655032333952609	0.0384322509642805
12.026414645608185	-3.567237211377968	1.472520895029474	0.047654109386028896
12.045223505090433	-3.6962548661329313	1.3223889095492685	0.05776191237430856
12.045035819594709	-3.8266374006658666	1.201126075580041	0.05438038287807327
12.026728975589592	-3.9557351028100944	1.2379076490788752	0.04411705269080483
11.993647555343316	-4.0818588315510045	1.3743777999474478	0.0359884490220821
11.948861472328698	-4.204319613597075	1.5216956942301167	0.028905531775703097
11.89493623424832	-4.3230398923682785	1.697926533960316	0.023229714774495053
11.833885072520069	-4.438257633528015	1.8940325498866648	0.01863611358162255
11.767292697075316	-4.5503636419705735	2.11461691885859	0.01463100570210516
11.696395731725403	-4.659797530900618	2.3865596144918526	0.012628734408242984
11.621869474562338	-4.766792527658611	2.5687950877818255	0.012152855708690168
11.544014543158823	-4.871390282863626	2.618606286806996	0.011089479274428904
11.463170688127196	-4.973695347936978	2.7412825415024282	0.009943918400777468
11.3797081720706	-5.073875507557862	2.8948802346550027	0.00861765990456933
11.294017967224125	-5.1721569654459705	3.1096728479753786	0.007209634621957958
11.206501025214095	-5.268815405339436	3.3997951434273808	0.005680022657406476
11.1175485327024	-5.364154431322347	3.6682654012218814	0.004662113917149248
11.027418028853894	-5.458380546619214	3.9170871078015113	0.004429961736594725
10.936208568271812	-5.55156269706026	4.107730709725399	0.004088586234128725
10.844009225408271	-5.643765501105012	4.010185072119064	0.003799584858541907
10.75090077855986	-5.735050194360046	3.9101437302430657	0.0035159050272829213
10.656958575082829	-5.82547662579	3.8074028147067813	0.0032510237360079573
10.562253988419997	-5.915104295775905	3.7017289402033913	0.002986953466544668
10.466849349437894	-6.003986449333161	3.5928527700740838	0.0030173057359752366
10.370733249437063	-6.092098695891355	3.480460724597023	0.003605900620192766
10.273795055438171	-6.179305714961069	3.3641840947881354	0.004106804560351001
10.175928347866517	-6.265469406590682	3.2435841576121405	0.004604399604862571
10.077034862172468	-6.350452659015222	3.1181321272714078	0.005067930123467106
9.977026994542868	-6.4341216772601575	2.987180547422216	0.005495290427717033
9.875832652646562	-6.516351616140532	2.849922037521702	0.005890738974109414
9.773379740205602	-6.597008778800785	2.705327407285326	0.0073728298673675354
9.669338989293081	-6.675606353991006	2.5520476724387984	0.011609468189181136
9.562967483328595	-6.751020234536139	2.388256287653739	0.015855493356563628
9.453563349421351	-6.821962864613579	2.211362206437616	0.020474142672359936
9.34052334847735	-6.886955684046296	2.0174673469576834	0.025430188697288483
9.223420576547372	-6.944304315468572	1.8102334498207127	0.030629820983873724
9.102112838187365	-6.992121401104041	1.649442375281897	0.03573109647546987
8.976890185089903	-7.028454574756257	1.527165854450253	0.038819897291356854
8.84865946333387	-7.052104907132693	1.4651503257107226	0.03693711150711466
8.718749160808375	-7.063297435508486	1.5020275957283196	0.035470597853595104
8.588359220069698	-7.062426186229797	1.5327634039873774	0.0344545555580033
8.45857470789119	-7.049842336920228	1.5551992956670682	0.033895116879527704
8.33041056464137	-7.025834275323181	1.5679810478384386	0.03378182469594104
8.204859221800664	-6.990628334348893	1.5706080715746875	0.03408584270452469
8.082936500115732	-6.944398098241158	1.5635881098003148	0.03459344986400582
7.9656565892115925	-6.887405808042252	1.5520740568581486	0.03406833684418309
7.853902977027747	-6.820221760290176	1.5639897795365203	0.033886292210282935
7.748529573777976	-6.743417149754035	1.5681852013838937	0.03431090194908007
7.650455912299723	-6.657486990476383	1.558451565682968	0.035282618703895194
7.560713532650542	-6.562890430476554	1.536841117299692	0.036876342194223
7.4804791733674065	-6.460105803379804	1.5032646979740165	0.03886886416888316
7.411115537406538	-6.349697319577806	1.464227138887509	0.04158574611978548
7.353851528060689	-6.232553966609456	1.4155888330939543	0.03772615727598622
7.308250670492189	-6.110396786338081	1.4862370773590483	0.03107750923606379
7.272705998915047	-5.984943646326972	1.6375187251335444	0.024886781931973922
7.245379136622894	-5.857447206282757	1.8298900926505028	0.018932166602247145
7.224393267220112	-5.728754845653765	2.0980180399471373	0.013436818251413312
7.2079490729158415	-5.599403849843336	2.4903544000495503	0.008359428631510074
7.194308473161952	-5.469727108570729	2.85686628389589	0.003280352665163299
7.181932061631709	-5.339923849122036	3.1763580761767316	0.001986078634178808
7.170322425804033	-5.210049705960341	3.4637134868909003	0.002751115996728956
7.1596225348104365	-5.080097433879349	3.7272295326346385	0.003030278257884005
7.149955568970098	-4.950064263900851	3.9721149577208656	0.003430828231794123
7.1414501336555745	-4.819949949424103	3.9038114139915874	0.0037810536602898375
7.134228650535615	-4.689758078576499	3.800894578681147	0.004127665378425008
7.128405099261318	-4.559496170828467	3.6950291087591953	0.004441715841509743
7.124103810591832	-4.429175116400302	3.585943147859157	0.00516081844135949
7.121570230707015	-4.298807745023054	3.4733200531016446	0.006216932786847662
7.121148173101917	-4.168416425287065	3.356787207879046	0.007214483810666758
7.123180087619813	-4.038040249345684	3.235900933403664	0.00824137322963876
7.12801461526203	-3.9077379667275443	3.110125954584042	0.009276286126097568
7.135996509933914	-3.777590388218229	2.9788063000653247	0.010323781674431225
7.147491803887574	-3.64770633515424	2.8411225764513977	0.01129582073923267
7.162748203215232	-3.5182103173462727	2.7161295543593744	0.009723578895709045
7.181185296023843	-3.3891279695215246	2.9274959693680342	0.005373427788749039
7.201446965616661	-3.2603198812197345	3.060778918764479	0.0015225549025966018
7.222215426118863	-3.1315923587810293	2.927141430067677	-0.0024660190276267874
7.24215575052048	-3.0027340120633266	2.7867724717968665	-0.006463995756461809
7.259919470705718	-2.8735576275028922	2.6385163551312365	-0.010540904513681653
7.274123195913226	-2.74394158135547	2.4808372636384304	-0.014650293811910044
7.283370403394004	-2.613878277820408	2.311615382748982	-0.018406370727925607
7.286379526471116	-2.4835212281570236	2.127773003805754	-0.021668989881312
7.282019163246513	-2.35320274620792	1.961056216787964	-0.02487726674907671
7.269222168943086	-2.2234407814647863	1.8302400120060898	-0.027758646729588998
7.247078614781891	-2.09494321241195	1.7326475628879237	-0.030088987500624147
7.21493935352885	-1.968573504909056	1.664200277240797	-0.031651780123096857
7.17250003972136	-1.8452794208118757	1.6225956483648203	-0.03221916974758071
7.119882795456444	-1.7259705714688405	1.6082449801697762	-0.03167124804066304
7.057604172365803	-1.6114044186228735	1.6220968771441555	-0.03136186669794187
6.986095655540607	-1.5023612443131515	1.6300781449201676	-0.03370333587557159
6.9052002051962305	-1.400087305567455	1.5724358355599584	-0.038554002163913005
6.814302086136969	-1.306592348756535	1.470193990699327	-0.047154690083112155
6.7124607694492155	-1.2251621232718382	1.3293732316511853	-0.06088015541492219
6.598877987379696	-1.1611549270487753	1.1699613117916714	-0.0813265541896034
6.474360263670134	-1.1226882362086172	1.0122625997112764	-0.10209777251284848
6.344170145156115	-1.1164905908478904	0.9034440113346051	-0.08232273227618787
6.21557737075868	-1.137932304233619	1.0061193206616696	-0.057422743608040415
6.091639430302601	-1.1784468845996017	1.2046680925338338	-0.03820649113746502
5.972391146734466	-1.2312002437891767	1.4768650053078336	-0.024483049805645953
5.85679552323859	-1.291536599211076	1.844916092010042	-0.014543971362867877
5.743606584021169	-1.3562716491843059	2.057289038410833	-0.006760020689239668
5.631600243823328	-1.4230298884195314	1.8453024784543994	-2.592255005184649e-09
5.549376551659575	-1.5163308226785919	1.6009647395504254	-0.06309203802647392
